<keymap version="1" name="macOS copy" parent="Mac OS X 10.5+">
  <action id="ActivateDatabaseToolWindow">
    <keyboard-shortcut first-keystroke="alt d" />
  </action>
  <action id="CopyContentRootPath">
    <keyboard-shortcut first-keystroke="ctrl alt p" />
  </action>
  <action id="EditorChooseLookupItemDot" />
  <action id="EditorChooseLookupItemReplace" />
  <action id="EditorDownWithSelection">
    <keyboard-shortcut first-keystroke="shift down" />
    <keyboard-shortcut first-keystroke="tab" />
  </action>
  <action id="EditorLookupSelectionDown">
    <keyboard-shortcut first-keystroke="tab" />
  </action>
  <action id="EditorLookupSelectionUp">
    <keyboard-shortcut first-keystroke="shift tab" />
  </action>
  <action id="EditorUpWithSelection">
    <keyboard-shortcut first-keystroke="shift up" />
    <keyboard-shortcut first-keystroke="shift tab" />
  </action>
  <action id="ExportToTextFile" />
  <action id="FindNext" />
  <action id="Git.Branches">
    <keyboard-shortcut first-keystroke="shift meta b" />
  </action>
  <action id="Git.Interactive.Rebase">
    <keyboard-shortcut first-keystroke="shift r" />
  </action>
  <action id="Git.Pull">
    <keyboard-shortcut first-keystroke="shift meta p" />
  </action>
  <action id="GotoLine">
    <keyboard-shortcut first-keystroke="meta g" />
  </action>
  <action id="GotoTypeDeclaration">
    <keyboard-shortcut first-keystroke="shift ctrl b" />
    <mouse-shortcut keystroke="shift meta button1" />
  </action>
  <action id="List-selectNextRow">
    <keyboard-shortcut first-keystroke="down" />
    <keyboard-shortcut first-keystroke="ctrl n" />
    <keyboard-shortcut first-keystroke="tab" />
  </action>
  <action id="List-selectPreviousRow">
    <keyboard-shortcut first-keystroke="up" />
    <keyboard-shortcut first-keystroke="ctrl p" />
    <keyboard-shortcut first-keystroke="shift tab" />
  </action>
  <action id="LocalHistory.ShowHistory">
    <keyboard-shortcut first-keystroke="shift alt h" />
  </action>
  <action id="Macro.End ;">
    <keyboard-shortcut first-keystroke="ctrl semicolon" />
  </action>
  <action id="Macro.add ,">
    <keyboard-shortcut first-keystroke="ctrl comma" />
  </action>
  <action id="Macro.add .">
    <keyboard-shortcut first-keystroke="ctrl period" />
  </action>
  <action id="Macro.add ;">
    <keyboard-shortcut first-keystroke="ctrl semicolon" />
  </action>
  <action id="NextTemplateVariable">
    <keyboard-shortcut first-keystroke="enter" />
  </action>
  <action id="OverrideMethods">
    <keyboard-shortcut first-keystroke="ctrl o" />
    <keyboard-shortcut first-keystroke="shift ctrl o" />
  </action>
  <action id="PhpExtractClassAction">
    <keyboard-shortcut first-keystroke="ctrl meta c" />
  </action>
  <action id="PopupMenu-selectNext">
    <keyboard-shortcut first-keystroke="down" />
    <keyboard-shortcut first-keystroke="ctrl n" />
    <keyboard-shortcut first-keystroke="tab" />
  </action>
  <action id="PopupMenu-selectPrevious">
    <keyboard-shortcut first-keystroke="up" />
    <keyboard-shortcut first-keystroke="ctrl p" />
    <keyboard-shortcut first-keystroke="shift tab" />
  </action>
  <action id="ReformatCode">
    <keyboard-shortcut first-keystroke="meta l" />
  </action>
  <action id="Scala.ShowImplicitArguments" />
  <action id="Scala.ShowImplicits">
    <keyboard-shortcut first-keystroke="shift ctrl alt equals" />
    <keyboard-shortcut first-keystroke="shift ctrl alt add" />
  </action>
  <action id="ScalaConsole.Clean" />
  <action id="ShowReformatFileDialog">
    <keyboard-shortcut first-keystroke="shift meta l" />
  </action>
  <action id="SwitcherBackward">
    <keyboard-shortcut first-keystroke="ctrl k" />
  </action>
  <action id="SwitcherForward">
    <keyboard-shortcut first-keystroke="ctrl j" />
  </action>
  <action id="Table-selectNextRow">
    <keyboard-shortcut first-keystroke="down" />
    <keyboard-shortcut first-keystroke="ctrl n" />
    <keyboard-shortcut first-keystroke="tab" />
  </action>
  <action id="Table-selectPreviousRow">
    <keyboard-shortcut first-keystroke="up" />
    <keyboard-shortcut first-keystroke="ctrl p" />
    <keyboard-shortcut first-keystroke="shift tab" />
  </action>
  <action id="Tree-selectNext">
    <keyboard-shortcut first-keystroke="down" />
    <keyboard-shortcut first-keystroke="ctrl n" />
    <keyboard-shortcut first-keystroke="tab" />
  </action>
  <action id="Tree-selectPrevious">
    <keyboard-shortcut first-keystroke="up" />
    <keyboard-shortcut first-keystroke="ctrl p" />
    <keyboard-shortcut first-keystroke="shift tab" />
  </action>
  <action id="UsageGrouping.FlattenModules" />
  <action id="Vcs.Log.FocusTextFilter" />
</keymap>